record_ID,organism,target_datatype,target_version,target_name,probe_type,scaffold,extract_start,extract_end,sequence_length,sequence,assigned_name,orientation,bitscore,identity,evalue_num,evalue_exp,subject_start,subject_end,query_start,query_end,align_len,gap_openings,mismatches
65,Myotis_brandtii,low_coverage,ncbi_100_2013,mbr_ref_ASM41265v1_chrUn.fa,ORF,gi|549501045|ref|NW_005364596.1|,4800213,4800749,537,CCTAATCCCCAAATCTACGTCCGGCTCATCAACGAGTGCACACGCCTGGGGAAGGAGGGCGAGTTCTCCCCCTGCTTCACGGAGCTGCAGCGAGCCTTCCTGCGGCAGCGGCCGACCAAGCTCAAGAGCCTCATCCGCCTGGTCAAGCACTGGTACCAGCTGTGCAAGCAGAGCCTGGGGAAGCCGCTGCCGCCGCAGTACGCCCTGGAGCTGCTGACTGTCCACGCCTGGGAGCGTGGGTGCAAGGAGACCTACTTCAGCACCGCTGAGGGGTTTCGGACGGTCTTGGAACTAGTCATGCACTACCGGCAGCTTTGCGTCTACTGGACTAAGTATTACGACTTTGAAAATCCTGTCATTTGTCAATATCTGATGACACAGCTTGAGAAACCCAAGCCTGTGATTCTGGACCCAGCTGATCCTACAGGAAACGTTGCAGGTGGAGGCGGCTGGTGGCAGCTGGCACAAGAGGCTGCAGACTGGTTGAAGTACCCATGCTTGAAGAATTGGGATGGGTCTCCAGTGGACTCCTGGGAC,Mb_OAS1,+,373,100,1,138,1,179,1,537,179,0,0
71,Myotis_lucifugus,complete,ensembl_79_Myoluc2.0,Myotis_lucifugus.Myoluc2.0.dna.nonchromosomal.fa,ORF,GL429949_dna:scaffold_scaffold:Myoluc2.0:GL429949:1:2755991:1_REF,2070961,2071497,537,CCTAATCCCCAAATCTACGTCCGGCTCATCAACGAGTGCACGCGCCTGGGGAAGGAGGGCGAGTTCTCCCCCTGCTTCACGGAGCTGCAAAAAGCCTTCCTGCGGCAGCGGCCGACCAAGCTCAAGAGCCTCATCCGCCTGGTCAAGCACTGGTACCAGCTGTGCAAGCAGCGCCTGGGGAAGCCGCTGCCGCCGCAGTACGCCCTGGAGCTGCTGACCGTCCACGCCTGGGAGCGTGGGTGCAAGGAGACCTACTTCAGCACCGCTGAGGGGTTTCGGACGGTCTTGGAACTAGTCGTGCACTACCGGCAGCTTTGCGTCTACTGGACTAAGTATTACGACTTTGAAAATCCTGTCATTTGTCAATATCTGATGACACAGCTCGAGCAACCCATGCCCGTGATTCTGGACCCGGCTGATCCTACCGGAAACGTTGCAGGTGGAGGCGGCTGGCAGCGGCTGGCACAAGAGGCTGCAGCCTGGATGACGTACCCATGCTTGAAGAATTGGGATGGGTCTCCAGTGGACTCCTGGGAC,Mb_OAS1,+,355,94.413,2,131,1,179,1,537,179,0,10
74,Myotis_lucifugus,low_coverage,goldenpath_myoLuc2,myoLuc2.fa,ORF,GL429949,2070961,2071497,537,CCTAATCCCCAAATCTACGTCCGGCTCATCAACGAGTGCACGCGCCTGGGGAAGGAGGGCGAGTTCTCCCCCTGCTTCACGGAGCTGCAAAAAGCCTTCCTGCGGCAGCGGCCGACCAAGCTCAAGAGCCTCATCCGCCTGGTCAAGCACTGGTACCAGCTGTGCAAGCAGCGCCTGGGGAAGCCGCTGCCGCCGCAGTACGCCCTGGAGCTGCTGACCGTCCACGCCTGGGAGCGTGGGTGCAAGGAGACCTACTTCAGCACCGCTGAGGGGTTTCGGACGGTCTTGGAACTAGTCGTGCACTACCGGCAGCTTTGCGTCTACTGGACTAAGTATTACGACTTTGAAAATCCTGTCATTTGTCAATATCTGATGACACAGCTCGAGCAACCCATGCCCGTGATTCTGGACCCGGCTGATCCTACCGGAAACGTTGCAGGTGGAGGCGGCTGGCAGCGGCTGGCACAAGAGGCTGCAGCCTGGATGACGTACCCATGCTTGAAGAATTGGGATGGGTCTCCAGTGGACTCCTGGGAC,Mb_OAS1,+,355,94.413,2,131,1,179,1,537,179,0,10
70,Myotis_davidii,low_coverage,bgi_1.1_april_2013,Myotis_dav_unplaced.scaf.fa_28.fa,ORF,gi|432003324|gb|KB199565.1|,2250739,2251275,537,CCTGATCCCCAAATCTACGTCCGGCTCATCAACGAGTGCACACGCCTGGGGAAGGAGGGCGAGTTCTCCCCCTGCTTCACGGAGCTGCAGCGGGCCTTCCTGAAGCAGCGCCCGGCCAAGCTCAAGAGCCTCATCCGCCTGGTCAAGCACTGGTACCAGCTGTGCAAGCAGCGCCTGGGGAAGCCGCTGCCGCAGCAGTACGCCCTGGAGCTGCTGACCGTCCACGCCTGGGAGCGCGGGTGCAAGGAGACCCACTTCAGCACCGCTGAGGGGTTTCGGACGGTCTTGGAATTAGTCGTGCACTACCGGCAGCTTTGCGTCTACTGGACTAAGTATTACAACTTTGAAAATCGTGTCATTTGTCAATATCTGATGACACAGCTTGAGAAACCCAGGCCCGTGATTCTGGACCCAGCTGACCCTACAGGAAACGTTGCAGGTGGAGGCGGCTGGCAGCGGCTGGCACAAGAGGCTGCAGCCTGGTTGAGGTACCCATGCTTGCAGAATTGGGATGGGTCTCCAGTGGACTCCTGGGAC,Mb_OAS1,+,345,91.62,8,128,1,179,1,537,179,0,15
2348,Myotis_myotis,low_coverage,GCA_014108235.1_08-2020,GCA_014108235.1_mMyoMyo1.p_genomic.fna,ORF,JABWUV010000001.1,87807457,87807993,537,CCTGACCCCCACATCTACGTCCGGCTCATCCACGAGTGCACACGCCTGGGGAAGGAGGGCGAGTTCTCCCCCTGCTTCACGGAGCTGCAGCGAGCCTTCCTGCGGCAGCGGCCGACCAAGCTCAAGAGCCTCATCCGCCTGGTCAAGCACTGGTACCAGCTGTGCAAGCAGCGCCTGGGGAAGCCGCTGCCGCCGCAGTACGCCCTGGAGCTGCTGACCGTCCACGCCTGGGAGCGTGGGTGCAAGGAGACCTACTTCAGCACCGCTGAGGGGTTTCGGACGGTCTTGGAATTAGTCGTGCACTACCGGCAGCTTTGCGTCTACTGGACTAAGTATTACAACTTTGAAAATCCTGTCATTTGTCAATATCTGATGACACAGCTCGAGCAACCCAGGCCCGTGATTCTGGACCCAGCTGACCCTACAGGAAACGTTGCAGGTGGAGGCGGCTGGCAGCGGCTGGCACAAGAGGCTGCAGCCTGGTTGAGGTACCCATGCGTGGAGAATAGGGATGGGTCTCCAGTGGACTCTTGGGAC,Mb_OAS1,+,345,91.62,6,128,1,179,1,537,179,0,15
36,Eptesicus_fuscus,low_coverage,broad_1.0_april_2013,Eptesicus_f.unplaced.scaf.fa_16.fa,ORF,gi|411115894|gb|JH977669.1|,2473582,2474127,546,CCTGATCCCCAAATCTACGTCAAGCTCATCAACGAGTGCACACGCCTGGGGAAGGAGGGCGAGTTCTCGCCCTGCTTCACGGAGCTGCAGCGAGCCTTCCTGCGGCAGCGGCCCACCAAGCTCAAGAGCCTCATCCGCCTGGTCAAGCACTGGTACCAGCTGAGCAAGGAGCAGCTGGGGAAGCCGCTGCCGCAGCAGTACGCCCTGGAGCTGCTGACCGTCTACGCCTGGGAGCGTGGGTGCAAGGAGACCTGCTTCAGCACCGCCGAGGGATTTCGGACCGTCTTGGAATTAGTCGTGGGCTACCGGCAGCTTTGCATCTACTGGACTAAGTATTACGACTCTGAAAATCTTGTTATTGTTCAATATCTGATAAGACAGCTCAAGCAACCCAGGCCTGTGATTCTGGACCCAGCTGACCCTACAGGAAACGTTGCAGGTGGAGGCGGCTGGCAGCGGCTGGCACAAGAGGCTGCAGCCTGGTTGAGTTACCCTTGCTTTAAGAATTGGGATGGGTCTCCAGTGGGCTCCTGGGACATAGCGCTC,Mb_OAS1,+,322,85.165,2,118,1,182,1,546,182,0,27
78,Nycticeius_humeralis,low_coverage,NycHum_v1_BIUU,GCA_007922795.1_NycHum_v1_BIUU_genomic.fna,ORF,VMDQ010037151.1,5407,5946,540,CCCGATCCCCAAATCTACGTCAAGCTCATCAGAGAGTGCACGCGCCTGGGGAAGGAGGGCGAGTTCGCCCCCTGCTTCACGGAGCTGCAGCGGGCGTTCCTGCGGCAGCGCCCCACCAAGCTCAAGAGCCTCATCCGCCTGGTCAAGCACTGGTACCAGCTGAGCAAGGAGCGCCTGGGGAAGCCGCTGCCGCCGCAGTACGCCCTGGAGCTGCTGACTGTCTACGCCTGGGAGCGTGGGTGCAAGGAGACCTGCTTCAGCACAGCCGAGGGGTTTCGGACCGTCTTGGAATTAGTCGTGGACTACCGGCAGCTTTGCGTCTACTGGACTAAGTATTACGACTTTGAAAATCCCGTGATGGGTCGATATCTGAGGACACGGCTTGAGCAACCCAGGCCTGTGATTCTGGACCCAGCTGACCCTACAGGAAACGTGGCAGGGAGAGGCGACTGGTGGCGGCTGGCACAAGAGGCTGCAGCCTGGCTGAATTATCCATGCTTGAAGAATTGGGATGGGTCTCCAGTGCGCTGCTGGGACATA,Mb_OAS1,+,321,86.034,4,118,1,179,1,537,179,0,25
2349,Pipistrellus_kuhlii,low_coverage,GCA_014108245.1_08-2020,GCA_014108245.1_mPipKuh1.p_genomic.fna,ORF,JACAGB010000001.1,132077343,132077891,549,CCTGATCCCCAGATCTACGTCCGGCTCATCAATGAGTGCACACGCCTGGGGAAGGAGGGCGAGTTCTCGCCCTGCTTCACGGAGCTGCAGCGAGCCTTCCTGCGGCAGCGGCCCACCAAGCTCAAGAGCCTCATCCGCCTGGTCAAGCACTGGTACCAGCTGTGCAGGGAGCGCCTGGGGAAGCCGCTGCCACCGCAGTACGCCCTGGAGCTGCTCACCGTCTACGCCTGGGAGCGTGGGTGCAAGGAGACCTCCTTCAGCACAGCCGAGGGATTTCGGACCGTCTTGGAATTAGTCGTGGACTACCAGAACCTTTGCATCTACTGGACTAAGTATTATGACTTTGAAAATCCTATTATTGGTCAATATCTGAGGAGACAGCTCAAGCAACCCAGGCCTGTGATTCTGGACCCAGCTGACCCTACAGGAAACGTTGCAGGTGGGCCAGGCGGAGACGGCTGGTGGCGGCTGGCACAAGTGGCTGCAGCCTGGTTGGGTTACCCATGCATGGAGAATTGGGATGGGTCTCCAGTGGGCTCCTGGGACGTA,Mb_OAS1,+,318,83.607,3,117,1,180,1,549,183,1,27
83,Pipistrellus_pipistrellus,low_coverage,PipPip_v1,GCA_004026625.1_PipPip_v1_BIUU_genomic.fna,ORF,PVIQ01068309.1,3715,4263,549,CCTGATCCCCAAATCTACGTCCGGCTCATCAATGAGTGCACACGCCTGGGGAAGGAGGGCGAGTTCTCGCCCTGCTTCACGGAGCTGCAGCGAGCCTTCCTGCGGCAGCGGCCCACCAAGCTCAAGAGCCTCATCCGCCTGGTCAAGCACTGGTACCAGCTGTGCAGGGAGCGCCGGGGGAAGCCGCTGCCTCCGCAGTACGCCCTGGAGCTGCTCACCGTCTACGCCTGGGAGCGTGGGTGCAAGCAGACCTCCTTCAGCACAGCCCAGGGATTTCGGACCGTCTTGGAATTAGTCGTGGACTACCGGAAGCTTTGCATCTACTGGACTAAGTATTACGACTCTAAAAATCCTGTTATTGGTCAATATCTGAGGAGACAGCTCAAGCAACCCAGGCCTGTGATTCTGGACCCAGCCGACCCTACAGGAAACGTTGCAGCTGGACCAGGCGGAGACGGCTGGTGGCGGCTGGCACAAGAGGCTGCAGCCTGGTTGCGTTACCCATGCGTGGAGAATTGGGATGGGTCTCCAGTGGGCTCCTGGGACGTA,Mb_OAS1,+,316,82.514,3,116,1,180,1,549,183,1,29
2344,Artibeus_jamaicensis,low_coverage,GCA_014825515.1_09-2020,GCA_014825515.1_WHU_Ajam_v2_genomic.fna,ORF,VSFN01027622.1,973471,974061,591,CCTGATCCCCAAATCTACATCGAGCTCATCCAAGAGTGCAAAAAACTGGGGAAAGAGGGCGAGTTCTCCACCTGCTTCACGGAGCTGCAGCGAGCCTTCCTGAAGCAGCGGCCAACCAAGCTCAAGAGCCTCATCCGCCTGGTCAAGCACTGGTACCAAACCTGCAAGGAGAACCTAGGGAAGCCCCTGCCCCCGCAGTATGCCCTGGAGCTGCTCACGGTCTACGCTTGGGAGCAGGGAAACAAGGGAACTGTATTCAGCACAGCTCAGGGATTTCGGACTGTCTTGGAATTAGTCATGAACTACCAGAAGCTTCTCATCTACTGGACAAAGTATTACAGCTTTGAAAATCCTGTTATTGGGCAATACCTGATGATGCAGCTCAAGAAACCCAGGCCCGTGATTCTGGACCCCGCTGACCCTACAGGAAACGTGGCTGGTGGAGACCCACGTAGCTGGCCACGTCTGGCACAAGAGGCTAAAGCCTGGTTGAGTTACCAGTGCTTCAAGAATTGGGATGGGTCTCCAGTGAGCCCCTGGTACATTCAACTTCCAGCAGAGAGTGAAGATGGCTGGACATGTGCCATACTC,Mn_OAS1,-,313,82.609,1,114,1,184,1,552,184,0,32
33,Desmodus_rotundus,low_coverage,GCA_002940915,GCA_002940915.1_ASM294091v1_genomic.fna,ORF,KZ672511.1,237702,238247,546,CCTGATCCTCAAATCTACGTCAAGCTCATCCAAGAGTGCAAAAACCTGGGGAAAGAGGGCGAGTTCTCCACCTGCTTCACAGAGCTGCAGCGAGCTTTCCTGAAGCAGCGTCCAACCAAGCTCAAGAGCCTCATCCGCCTGGTCAAGCACTGGTACCAAATGTGCAAGGAGAAGCTGGGGAAGCCCCTGCCCCCGCAGTATGCCCTGGAGCTGCTCACCGTCTACGCTTGGGAGCGTGGGAACCAGGAAACTATATTCAGCACAGCTCAGGGATTTCAGACTGTCTTGGAACTAGTTATGAACTACCAGCAGCTTCTCATCTACTGGACAAAGTATTATGACTTTGAAAATCCTGTTATTGGTCAATACCTGAGGATGCAGCTCAAGAAACCCAGGCCTGTGATTCTGGACCCAGCTGACCCTACAGGAAATGTGGCTGCTGGAGACTCAGATAGCTGGCCACGTCTGGCACAAGAGGCTAAGGCCTGGTTGAGTTACCAGTGCTTCAAGAATTGGGATGGGTCTCCAGTGGGCTCCTGGTACATA,Pg_OAS1,+,310,80.22,10,114,1,182,1,546,182,0,36
82,Pipistrellus_pipistrellus,low_coverage,PipPip_v1,GCA_004026625.1_PipPip_v1_BIUU_genomic.fna,ORF,PVIQ01045499.1,4107,4655,549,CCTGATCCCCAAATCTACGTCCGGCTCATCAATGAGTGCACACGCCTGGGGAAGGAGGGCGAGTTCTCGCCCTGCTTCACGGAGCTGCAGCGAGCCTTCCTGCGGCAGCGGCCCACCAAGCTCAAGAGCCTCATCCGCCTGGTCAAGCACTGGTACCAGCTGTGCAGGAAGCGCCGGGGGAAGCCGCTGCCGCCGCAGTACGCCCTGGAGCTGCTCACCGTCTACGCCTGGGAGCGTGGGTGCAAGGAGACCTCCTTCAGCACAGCCCAGGGATTTCGGACCGTCTTGGAATTAGTCCTGGACTACCGGAAGCTTTGCATCTACTGGACTAAGTATTACGACTTTGAAAATCCTGTTATTGGTCAATATCTGAGGAGACAGCTCACGCAACCCAGGCCTGTGATTCTGGACCCAGCTGACCCTACAGGAAATGTTGCAGCTGGACCAGGCGGAGACGGCTGGTGGCGGCTGGCAGAAGAGGCTGCAGCCTGGTTGGGTTACCCATGCATGGAGAATTGGGATGGGTCTCCAGTGGGCTCCTGGGACGTA,Mb_OAS1,-,310,83.607,1,113,1,180,1,549,183,1,27
97,Tonatia_saurophila,low_coverage,TonSau_v1_BIUU,GCA_004024845.1_TonSau_v1_BIUU_genomic.fna,ORF,PVIA01000159.1,428230,428781,552,CCTGATCCCCAAATCTACATCAAGCTCATCCAAGAGTGCAAAAACCTGGGGAAAGAGGGTGAGTTCTCCACCTGCTTCACGGAGCTGCAGCGGGCCTTCCTGAAGCAGCGTCCAACCAAACTCAAGAGCCTCATCCGCCTGGTCAAGCACTGGTACCAAACATGCAAGGAGAAGCTGGGGAAGCCCCTGCCCCAGCAGTACGCCCTGGAGCTGCTCACAGTCTATGCTTGGGAGCATGGAAACAAGGGAACTATATTCAACACAGCTCAGGGATTTCAGACTGTCTTGGAATTAGTCATGAACTACCAGCAGCTTCTCATCTACTGGACAAAGTATTATGACTTTGGAAATCCTGTTATTGGTCAATACCTGAAGACGCAGCTCAAGAAACCCAGGCCTGTGATTCTGGACCCCGCTGACCCTACAGGAAACGTGGCTGGTGGAGACTCACGTAGCTGGCCGCGTCTGGCACAAGAGGCTAAAGTGTGGTTGAGTTACCAGTGCTTCAAGAATTGGGATGGGTCTCCAGTGGGCTCCTGGGACATTCAACTT,Pg_OAS1,+,310,79.235,1,113,1,183,1,549,183,0,38
2354,Sturnira_hondurensis,low_coverage,GCA_014824575.1_09-2020,GCA_014824575.1_WHU_Shon_v2_genomic.fna,ORF,VSFL01022518.1,9355687,9356238,552,CCGGATCCCCAAATCTACATCAAGCTCATCCAAGAGTGCAAAAACCTGGGGAAAGAGGGCGAGTTCTCCACCTGCTTCACGGAGCTGCAGCGAGCCTTCCTGAAGCAGCGGCCAACCAAGCTCAAGAGCCTCATCCGCCTGGTCAAGCACTGGTACCAAACGTGCAAGGAGAATCTGAAGAAGCCCCTGCCCCCGCAGTATGCCCTGGAGCTGCTCACGGTCTATGCCTGGGAGCAGGGAAACAAGGAAACTATATTCAGCACAGCTCAGGGATTTCGGACTGTCTTGGAATTAGTCATAAACTACCAGAAGCTTCTCATCTACTGGACAAAGTATTACGACTTTGACGATCCTATTATTGCTCAATACCTGATGATGCAGCTCAAGAAACCCAGGCCTGTGATTCTGGACCCTGCTGACCCTACAGGAAACGTGGCTGGTGGAGACTCACGTCGCTGGCTGCATCTGGCACAAGAGGCTGAAGCCTGGTTGAGTTACAAGTGCTTCAAGAATTGGGATGGGTCTCCAGTGAGCTCCTGGTACATTCAACTT,Mn_OAS1,+,310,80.435,9,114,1,184,1,552,184,0,36
76,Noctilio_leporinus,low_coverage,NocLep_v1_BIUU,GCA_004026585.1_NocLep_v1_BIUU_genomic.fna,ORF,PVIW01002661.1,72721,73272,552,CCGGATCCCCAAATCTACGTCCAGCTCATCCAAGAGTGCAAGAGCCTGAACAAAGAGGGTGAGTTCTCTGCCTGCTTCACGGAGCTGCAGCGAAACTTCCTAAAACAGCGTCCCGCCAAGCTCAAGAGCCTCATCCGCCTGGTCAAGCACTGGTACCAAGGGTGCAAGGAGAAGCTGGGGAAGCCGCTGCCCCAGCAGTACGCCCTGGAGCTGCTGACAGTCTGTGCTTGGGAGCGCGGCAACAGGCAAACGGTATTCGACACAGCTGAGGGGTTTCACACTGTCTTGGAACTAGTTATAAACTACCGGAATCTCTGCATCCACTGGACAAAGTACTATGACTTTGAAAATCCTGTTGTTGGTCAATACCTGAGGATGCAGCTCAGGAAACCCAGGCCTGTGATTCTGGACCCAGCTGACCCTACAGGAAACGTTGCTGGTGGAGACGACCGGAGCTGGCCGCGTCTGGCACGAGAGGCTGCGGCCTGGTTGGGTTACCCCTGCTTTAAAAACAGGGATGGGTCTCCAGTGGGCTCCTGGAACGTCCAACTT,Pg_OAS1,+,309,78.142,2,113,1,183,1,549,183,0,40
2345,Molossus_molossus,low_coverage,GCA_014108415.1_08-2020,GCA_014108415.1_mMolMol1.p_genomic.fna,ORF,JACASF010000001.1,83678644,83679189,546,CCTGACCCCAAAATCTACGTCCAGCTCATTGACGAGTGCACACGCCTGGGGAAAGAGGGCGAGTTCTCCCCCTGCTTCACCGAGCTGCAGCGAGACTTCCTGAAGCAGCGCCCCACCAAGCTCAAGAGCCTCATCCGCCTGGTCAAGCACTGGTACCAAGTGTGTAAGGAGAAGCTGGGGAAGCCCCTGCCCCCGCAGTATGCCCTGGAGCTGCTGACAGTCTATGCTTGGGAGCGTGGAAGCAACAGAAGTGAGTTCAGCACAGCTCAGGGCTTTCGGACTGTCTTGGAATTAGTCATGAACTACCGGATGCTTTGCATCTACTGGTCAAAGTATTATAATTTTGAAAATCCTGTTATTGGCGCATACCTGAGGAAGCAGCTCCAGAAACCCAGGCCTGTGATTCTGGATCCAGCTGACCCTACAGGAAACGTTGCTGGTGGACACCCACAGAGTTGGCCGCGGCTGGCACAAGAGGCTCTCGCCTGGTTGAGTTACCCATGCTTCAAGAATTGGGATGGGTCTCCAGTGGGCTCCTGGAACATA,Mn_OAS1,-,308,81.868,5,113,1,182,1,546,182,0,33
85,Pteronotus_parnellii,low_coverage,ncbi_AWGZ00000000.1_2015-05,AWGZ01.4.fsa_nt.fa,ORF,gi|539631046|gb|AWGZ01434847.1|,2047,2598,552,CCTGAGCCCCAAATCTACGTCAAGCTCATCCGAGAGTGCAAAAATCTGGGGAAAGAGGGCGAGTTCTCCACCTGCTTCACGGAGCTGCAGCGAGCCTTCCTGAAGCAGCGTCCGACCAAGCTCAAGAGCCTCATCCGCCTGGTCAAGCACTGGTACCAAAAGTGTAAGGAGAAGCTGGGGAAGCCCCTGCCCCCGCAGTATGCCCTGGAGCTGCTGACAGTCTATGCTTGGGAGCATGCAAACGTGGGAACTTTATTCAGCACAGCTCAAGGATTTCAGACTGTCCTGGAATTAGTCATGAACTACCAGCAGCTTTGCATCTACTGGACAAAGTATTACGATTTTGCAGATCCTGTTATTGGTGGATACCTGATGATGCAGCTCAAGAAACCCAGGCCTGTGATTCTGGACCCGGCTGACCCTACAGGAAACGTTGCTGGTGGAGACCCCAGTAGCTGGCCACGTCTGGCACAAGAGGCTAAAGCCTGGCTGAGCTACCAGTGCTTTAAGAATTGGGATGGCTCTCCAGTAGGCTCCTGGGATGTACAGCTT,Pg_OAS1,+,307,78.689,2,112,1,183,1,549,183,0,39
2358,Tadarida_brasiliensis,low_coverage,GCA_004025005.1_01-2019,GCA_004025005.1_TadBra_v1_BIUU_genomic.fna,ORF,PVIG010001412.1,109507,110058,552,CCTGACCCCCAGATCTACGTCCAGCTCATTGAAGAGTGCACGCGCCTGGGGAAAGAGGGCGAGTTCTCCCCCTGCTTCACCGAGCTGCAGAGAGACTTCCTGAAGTCGCGCCCCACCAAGCTCAAGAGCCTCATCCGCCTGGTCAAGCACTGGTACCAACTGTGTAAGGAGAAGCTGGGGAAGCCCCTGCCCCCGCAGTATGCCCTGGAGCTGCTGACCGTCTATGCCTGGGAGCGTGGAAGCAACAGAACTGAGTTCAGCACAGCTCGGGGCTTTCAGACTGTCTTGGTATTAGTCATAAACTACCGGGAGCTTTGCATCTACTGGTCAAAGTATTATGACTTTGGAAATCCTGTTATCCGTGCATATCTGAAGAAGCAGCTCGAGAAACCCAGGCCTGTGATTCTGGACCCAGCTGACCCTACAGGAAACGTTGCTGGTGGACACCCACAGAGCTGGCCGCGGCTGGCACAAGAGGCTCAAGCCTGGTTGAGTTACCCATGCTTCAAGAATTGGGATGGGTCTCCAGTGGGCTTCTGGAACATACAGCTC,Mn_OAS1,-,307,81.522,1,112,1,184,1,552,184,0,34
2342,Aeorestes_cinereus,low_coverage,GCA_011751065.1_03-2020,GCA_011751065.1_L.cinereus_Cryan_1219_p1.0_genomic.fna,ORF,JAAGEH010002534.1,9808802,9809395,594,CCTGATCCCCAGATCTACGTCCAGCTCATCCGAGAGTGCACACGCCTGGGGAAGGAGGGCGAGTTCTCCCCCTGCTTCACGGAGCTGCAGCGAGCCTTCCTGAGGCAGCGTCCGCCCAAGCTCAAGAGCCTCATCCGCCTGGTCAAGCACTGGTACCAGCTGAGCAAGGAGCGCCTGGGCAAGCGGCTGCCGCCACAGTACGCCCTGGAGCTGCTGACCGTCTACGCCTGGGAGCGTGGGTGCAAGGAGGCCTCCTTCCGCACAGCCGAGGGATTTCAGACCGTCTTGGAATTAGTTGTGAACTACCAGCAGCTTTGCGTCTACTGGACTAAGTATTACGACTTTGAAAATTCTGTTATTGGTCACTATCTGACGACGCAGCTCAAGCAACCCAGGCCTGTGATTCTGGACCCAGCTGACCCTACAGGAAACGTTGCAGGTGGAGCAGGTGGAGAAGGCTGGTGGTGGCTGGCACAGGAGGCTAGAGCCTGGTTGAGGTATCCATGCCTGAAGAATCAGGATGGGTCTCCGGTGGACTCCTGGGACATAGGGCTCCAAGGAGAGAGCAGAGATAGCTGGACATGCGCCATCCTC,Mb_OAS1,-,288,82.162,5,105,1,182,1,555,185,1,30
42,Lasiurus_borealis,low_coverage,LasBor_v1,GCA_004026805.1_LasBor_v1_BIUU_genomic.fna,ORF,PVJN01116725.1,2318,2872,555,CCTGATCCCCAAATCTACGTCCAGCTCATCCGAGAGTGCACACGCCTGGGGAAGGAGGGCGAGTTCTCCCCCTGCTTCACGGAGCTGCAGCGAGCCTTCCTGCGGCAGCGTCCGGCCAAGCTCAAGAGCCTCATCCGCCTGGTCAAGCACTGGTACCAGCTGAGCAAGGAGCGCCTGGGCAGGCGGCTGCCGCCACAGTACGCCCTGGAGCTGCTGACCGTCTACGCCTGGGAGCGTGGGTGCAAGGAGGCCTCCTTCCGCACAGCCGAGGGATTTCACACCGTCTTGGAATTGGTTGTGAACTACCAGCAGCTTTGCGTCTACTGGACTAAGTATTACGACTTTGAAAATCCTGTTATTGGTCAATATCTGATGACGAAGCTCAAGCAACCCAGGCCTGTGATTCTGGACCCAGCTGACCCTACAGGGAACGTTGCAGGTGGAGCAGGTGGAGAAGGCTGGTGGTGGCTGGCACAAGAGGCTGGAGCCTGGTTGAGCTATCCATGCCTGAAGAACCAGGATGGGTCTCCGGTGGACTCCTGGGACATAGAGCTC,Mb_OAS1,+,278,82.162,3,101,1,182,1,555,185,1,30
2357,Tadarida_brasiliensis,low_coverage,GCA_004025005.1_01-2019,GCA_004025005.1_TadBra_v1_BIUU_genomic.fna,ORF,PVIG010186709.1,2,499,498,CCTGACCCCCAGATCTACGTCCAGCTCATTGAAGAGTGCACGCGCCTGGGGAAAGAGGGCGAGTTCTCCCCTTGCTTCACCGAGCTGCAGAGAGACTTCCTGAAGTCGCGCCCCACCAAGCTCAAGAGCCTCATCCGCCTGGTCAAGCACTGGTACCAACTGTGTAAGGAGAAGCTGGGGAAGCCCCTGCCCCCGCAGTATGCCCTGGAGCTGCTGACCGTCTATGCCTGGGAGCGTGGAAGCAACAGAACTGAGTTCAGCACAGCTCAGGGCTTTCAGACTGTCTTGGTATTAGTCATGAACTACCGGGAGCTTTGCATCTACTGGTCAAAGTATTATGACTTTGGAAATCCTGTTATCCGTGCATATCTGAAGAAGCAGCTCGAGAAACCCAGGCCTGTGATTCTGGACCCAGCTGACCCTACAGGAAACGTTGCTGGTGGACACCCACAGAGCTGGCCGCGGCTGGCACAAGAGGCTCAAGCCTGGTTGAGTTAC,Pg_OAS1,-,278,80.12,1,101,1,166,1,498,166,0,33
29,Antrozous_pallidus,low_coverage,AntPal_v1_BIUU,GCA_007922775.1_AntPal_v1_BIUU_genomic.fna,ORF,VMDP01004718.1,11211,11771,561,CCCGATCCCCAAATCTACGTCAAGCTCATCGAGGAGTGCACGCGCCTGGGGAAGGAGGGCGAGTTCTCGCCCTGCTTCACGGAGCTGCAGCGGGCCTTCCTGCGGCAGCGTCCCACCAAGCTCAAGAGCCTCATCCGCCTGGTCAAGCACTGGTACCAGCGGAGCAAGGAGCGCCTGGGGAAGCCGCTGCCGCCGCAGTACGCCCTGGAGCTGCTGACCGTCTACGCCTGGGAGCGTGGGTGCAGGGAGACCTACTTCTGCATGGCCGAGGGATTTCGGACCGTCTTGGGGTTAGTCGTGGACTACCCGAAGCTTTGCGTCTACTGGACTAAGTATTACGGCTTCGAAAACCCTGCGATTGGTCAATATCTGAAGAGGCAGCTCAAGCAGCCCAGGCCTGTGATTCTGGACCCAGCTGACCCTACAGGAAACGTTGCAGGGGGAGCAGGCGGAGAAGGCTGGCGGCGGCTGGCACAAGAGGCTTCATCCTGGTTGAGTTACCCTTACCCATGCTTTAAGAATTGGGATGGGTCTTTAGTGGGCTCCTGGGACGTAAGGCTC,Mb_OAS1,+,275,77.005,5,100,1,182,1,561,187,2,38
61,Murina_aurata_feae,low_coverage,MurFea_v1,GCA_004026665.1_MurFea_v1_BIUU_genomic.fna,ORF,PVJC01095160.1,1,393,393,TACTGGTACCAGCTGTGCAGGCAGTGCCTGGGGAAGCCGCTGCCACCGCAGTACGCCCTGGAGCTGCTGACCGTGCACGCCTGGGAGCGTGGGTGCAGGGAGACCCAGTTCAGCACAGCAGAGGGGTTGCGGACGGTTTTGGAACTAGTTGTGCACCACCAGCAGCTTTGTGTCTACTGGACGAAGTATTACGACTTTGACAATCCTGTCATCTGTCAATATCTGATGACACAGCTCAAGCGGCCCAGGCCGGTGATTCTAGACCCAGCTGACCCTACAGGAAACGTTGCAGGCGGCGGCGGCTGGCAGCGGCTGGCACAGGAGGCTGCAGCCTGGTTAAGGTACCCATGCTTGAAGAATTGGGACGGGTCTCCAGTGGACTCCTGGGACACA,Mb_OAS1,+,246,87.023,1,89,50,180,1,393,131,0,17
64,Murina_aurata_feae,low_coverage,MurFea_v1,GCA_004026665.1_MurFea_v1_BIUU_genomic.fna,ORF,PVJC01339712.1,2,346,345,CCTGACCCCCAGATCTACGTCAGGCTCATCCAAGAGTGCAGGCGCCTGGGGAAGGAGGGCGAGTTCTCCCCCTGCTTCACGGAGCTGCAGCGAGCCTTCCTGCGCCAGCGGCCCACCAAGCTCAAGAGCCTCATCCGCCTGGTCAAATACTGGTACCAGCTGTGCAGGCAGTGCCTGGGGAAGCCGCTGCCACCGCAGTACGCCCTGGAGCTGCTGACCGTGCACGCCTGGGAGCGTGGGTGCAGGGAGACCCAGTTCAGCACAGCGGCGGGGTTTCGGACCGTCTTGAAACTGGTCGTGCACTACCGGCAGCTTTGTGTCTACTGGACGAAGTATTACGACTTT,Mb_OAS1,-,218,90.435,2,78,1,115,1,345,115,0,11
60,Murina_aurata_feae,low_coverage,MurFea_v1,GCA_004026665.1_MurFea_v1_BIUU_genomic.fna,ORF,PVJC01288742.1,99,443,345,CCTGACCCCCAGATCTACGTCAGGCTCATCCAGGAGTGCATCTGCCTGGGGAAGGAGGGCGAGTTCTCCCCCTGCTTCACGGAGCTGCAGCGAGCCTTCCTGCGCCAGCGGCCCACCAAGCTCAAGAGCCTCATCCGCCTGGTCAAATACTGGTACCAGCTGTGCAGGCAGTGCCTGGGGAAGCCGCTGCCACCGCAGTACGCCCTGGAGCTGCTGACCGTGCACGCCTGGGAGCGTGGGTGCAGGGAGACCCAGTTCAGCACAGCAGAGGGGTTGCGGACGGTTTTGGAACTAGTTGTGCACCACCAGCAGCTTTGTGTCTACTGGACGAAGTATTACGACTTT,Mb_OAS1,+,212,88.696,2,76,1,115,1,345,115,0,13
63,Murina_aurata_feae,low_coverage,MurFea_v1,GCA_004026665.1_MurFea_v1_BIUU_genomic.fna,ORF,PVJC01467358.1,6,278,273,TGCTTCACGGAGCTGCAGCGAGCCTTCCTGCGCCAGCGGCCCACCAAGCTCAAGAGCCTCATCCGCCTGGTCAAGTACTGGTACCAGCTGTGCAGGCAGTGCCTGGGGAAGCCGCTGCCACCGCAGTACGCCCTGGAGCTGCTGACCGTGCACGCCTGGGAGCGTGGGTGCAGGGAGACCCAGTTCAGCACAGCGGCGGGGTTTCGGACCGTCTTGAAACTGGTCGTGCACTACCGGCAGCTTTGTGTCTACTGGACGAAGTATTACGACTTT,Mb_OAS1,+,174,91.209,10,62,25,115,1,273,91,0,8
57,Murina_aurata_feae,low_coverage,MurFea_v1,GCA_004026665.1_MurFea_v1_BIUU_genomic.fna,ORF,PVJC01467359.1,6,278,273,TGCTTCACGGAGCTGCAGCGAGCCTTCCTGCGCCAGCGGCCCACCAAGCTCAAGAGCCTCATCCGCCTGGTCAAGTACTGGTACCAGCTGTGCAGGCAGTGCCTGGGGAAGCCGCTGCCACCGCAGTACGCCCTGGAGCTGCTGACCGTGCACGCCTGGGAGCGTGGGTGCAGGGAGACCCAGTTCAGCACAGCAGAGGGGTTGCGGACGGTTTTGGAACTAGTTGTGCACCACCAGCAGCTTTGTGTCTACTGGACGAAGTATTACGACTTT,Mb_OAS1,+,172,90.11,8,61,25,115,1,273,91,0,9
27,Anoura_caudifer,low_coverage,AnoCau_v1_BIUU,GCA_004027475.1_AnoCau_v1_BIUU_genomic.fna,ORF,PVKU01000868.1,378744,379124,381,GAAGCTGGGGAAGCCCCTGCCCCAGCGTATGCCCTGGAGCTGCTCACGGTTTACGCTTAGGAGCATGCAAACAAGGAAATTACATTCAGCACAGCTCAGGGATTTCAGACTGTCTTGGAATTAGTCATGAACTACCAGCAGCTTCTCATCTACTGGACAAAGTATTACGACTTTGAAAATCCTGTTATTGGTCAATACCTGATGATGCAGCTCAAGATACCCAGACCGGTGATTCTGGACCCCGCTGACCCTACAGGAAATGCGGCTGGTGGAGACTCACGTATCTGGCCGTGTCTGGCACAAGAGGCTAAAGCCTGGTTGAGTTACCAGTGCTTCAAGAATTGGGATGGGTCTCCAGTGGGCTCCTGGGACATTCAACTT,Pg_OAS1,+,170,72.072,1,59,73,183,46,378,111,0,31
59,Murina_aurata_feae,low_coverage,MurFea_v1,GCA_004026665.1_MurFea_v1_BIUU_genomic.fna,ORF,PVJC01412253.1,3,266,264,CCTGACCCCCAGATCTACGTCAGGCTCATCCAAGAGTGCAGGCGCCTGGGGAAGGAGGGCGAGTTCTCCCCCTGCTTCACGGAGCTGCAGCGAGCCTTCCTGCGCCAGCGGCCCACCAAGCTCAAGAGCCTCATCCGCCTGGTCAAGTACTGGTACCAGCTGTGCAGGCAGTGCCTGGGGAAGCCGCTGCCACCGCAGTACGCCCTGGAGCTGCTGACCGTGCACGCCTGGGAGCGTGGGTGCAGGGAGACCCAGTTCAGCACA,Mb_OAS1,-,166,90.909,1,58,1,88,1,264,88,0,8
90,Rhinolophus_ferrumequinum,low_coverage,ncbi_AWHA00000000.1_2015-05,AWHA01.3.fsa_nt.fa,ORF,gi|539419988|gb|AWHA01190819.1|,7816,8133,318,CAGTGTAAGGAGAAATGTAGGGAGTCCCTGCCACCACAGTATGCCCTGGAGCTCCTGACAGTCTATGCTTGGGAGCGTGGAAGCAAGAAATCAGAATTCAACACTGCTCAGGGATTTAAGACCGTCTTGGAATTAGTCCGGGGCTACCAGCAGCTTTGGATCTACTGGCCAAAGTATTACAACTTTAAAAATCCTGTTATTTGTGACTACCTGATGAAGCAGCTCGAGAAACCCAGGTACTCTACCCCGACAGGGCTTAGCCCCCTCCCACCACATAGATGGACCCCTGGCTACATCTCTGGCGCCTTGGAAACGAGG,Rf_OAS1,+,165,80.189,6,58,54,152,1,318,106,2,14
2350,Pteropus_giganteus,low_coverage,GCA_902729225.1_04-2020,GCA_902729225.1_Ma_sr-lr_union100_genomic.fna,ORF,CACVBW010003343.1,699406,699726,321,CAGTGTAAGGAGAATCTTGGGAAGCCCCTGCCACCGCAGTATGCCCTGGAGCTCCTGACGGTCTATGCTTGGGAACGTGGAAACAAGGAAACGTATTTCAGAACAGCTCAGGGGTTTCAGACAGTCTTGAAATTGGTCCAGAACTACAAGAAGCTTTGCATCTATTGGACAAAGTATTATGACTTCGAAAACCCCGTTATTGCTGAATACCTGCAGAAGCAGCTCAGGAAACCCAGGTACTCTATCCCCACGGGGCTTGGCACCCCACATAGATGGACCCCTGGAAACAGCTGTGGTGCCTTGGAAACGAGGGAGTGGGAG,Pg_OAS1,+,162,88.542,10,57,54,149,1,270,96,2,5
2351,Pteropus_pselaphon,low_coverage,GCA_014363405.1_08-2020,GCA_014363405.1_P_pselaphon_scaffold_01_genomic.fna,ORF,BMBI01005799.1,137352,137672,321,CAGTGTAAGGAGAATCTTGGGAAGCCCCTGCCACCGCAGTATGCCCTGGAGCTCCTGACGGTCTATGCTTGGGAACGTGGAAACAAGGAAACGTATTTCAGAACAGCTCAGGGGTTTCAGACAGTCTTGAAATTGGTCCAGAACTACAAGAAGCTTTGCATCTATTGGACAAAGTATTATGACTTCGAAAACCCCGTTATTGCTGAATACCTGCAGAAGCAGCTCAGGAAACCCAGGTACTCTATCCCCACGGGGCTTGGCACCCCACATAGATGGACCCCTGGAAACAGCTGTGGTGCCTTGGAAACGAGGGAGTGGGAG,Pg_OAS1,-,162,88.542,10,57,54,149,1,270,96,2,5
86,Pteropus_alecto,low_coverage,broad_1.0_april_2012,unplaced.scaf.fa_6.fa,ORF,gi|431914203|gb|KB030536.1|,724482,724802,321,CAGTGTAAGGAGAAGCTTGGGAAGCCCCTGCCACCGCAGTATGCCCTGGAGCTCCTGACGGTCTACGCTTGGGAACGTGGAAACAAGGAAACGTATTTCAGAACAGCTCAGGGGTTTCAGACAGTCTTGAAATTGGTCCAGAACTACAAGAAGCTTTGCATCTATTGGACAAAGTATTATGACTTCAAAAATCCCGTTATTGCTGAATACCTGCAGAAGCAGCTCAGGAAACCCAGGTACTCTATCCCCACGGGGCTTGGCACCCCACATAGATGGACCCCTGGAAACAGCTGTGGTGCCTTGGAAACGAGGGAGTGGGAG,Pg_OAS1,+,158,86.458,4,55,54,149,1,270,96,2,7
87,Pteropus_vampyrus,complete,ensembl_79_pteVam1,Pteropus_vampyrus.pteVam1.dna.nonchromosomal.fa,ORF,GeneScaffold_508_dna:genescaffold_genescaffold:pteVam1:GeneScaffold_508:1:335363:1_REF,158814,159134,321,CAGTGTAAGGAGAAGCTTGGGAATCCCCTGCCACCGCAGTATGCCCTGGAGCTCCTGACGGTCTATGCTTGGGAACGTGGAAACAAGGAAACGTATTTCAGAACAGCTCAGGGGTTTCAGACAGTCTTGAAATTGGTCCAGAACTACAAGAAGCTTTGCATCTATTGGACAAAGTATTATAACTTCGAAAACCCCGTTATTGCTGAATACCTGCAGAAGCAGCTCGGGAAACCCAGGTACTCTATCCCCACGGGGCTTGGCACCCCACATAGATGGACCCCTGGAAACAGCTGTGGTGCCTTGGAAACGAGGGAGTGGGAG,Pg_OAS1,+,154,84.375,3,53,54,149,1,270,96,2,9
88,Pteropus_vampyrus,low_coverage,goldenpath_pteVam1,pteVam1.fa,ORF,scaffold_1113,158467,158787,321,CAGTGTAAGGAGAAGCTTGGGAATCCCCTGCCACCGCAGTATGCCCTGGAGCTCCTGACGGTCTATGCTTGGGAACGTGGAAACAAGGAAACGTATTTCAGAACAGCTCAGGGGTTTCAGACAGTCTTGAAATTGGTCCAGAACTACAAGAAGCTTTGCATCTATTGGACAAAGTATTATAACTTCGAAAACCCCGTTATTGCTGAATACCTGCAGAAGCAGCTCGGGAAACCCAGGTACTCTATCCCCACGGGGCTTGGCACCCCACATAGATGGACCCCTGGAAACAGCTGTGGTGCCTTGGAAACGAGGGAGTGGGAG,Pg_OAS1,+,154,84.375,3,53,54,149,1,270,96,2,9
93,Rhinolophus_sinicus,low_coverage,ASM188883v1,GCF_001888835.1_ASM188883v1_genomic.fna,ORF,NW_017739019.1,2770149,2770460,312,AAGGAGAAATGTGGGGAGTCCCTGCCACCACAATACGCCCTGGAGCTCCTGACAGTCTATGCTTGGGAGCGTGGAGGCGAGAAACCAGAATTCAACACGGCTCAGGGATTTAAGACCGTCTTGGAATTAGTCCGGGGCTACCAGCAGCTTTGGATCTACTGGCCAAAGTATTACAACTTTAAAAATCCTGTTATTTGTCACTACCTGATGAAGCAGCTTGAGAAACCCAGGTACTCTATCCCCACAGGGCTTAGCCCCCTCCCACCACATAGATGGACCCCTGGATACGTCTCTGGTGCCTTGGAAATGCGG,Rf_OAS1,-,152,76.923,8,53,56,152,1,312,104,2,17
95,Rousettus_aegyptiacus,low_coverage,2,9407_ref_Raegyp2.0_chrUn.fa,ORF,gi|1009285000|ref|NW_015494514.1|,1931103,1931357,255,CAGTGTAAGGAGAAGCTTGGGAAGCCTCTGCCTCAGCAGTATGCTCTGGAGCTCCTGACGGTCTATGCTTGGGAACGTGGATGCAAAGAAACATATTTCAAAACAGCTCAGGGGTTTCAGACTGTCTTGAAACTGGTCCAGAACTACAAGAAGCTTTGCATCTACTGGAAAAAGTATTATGACTTTGACAACCCTGTCATTGCTCAGTACCTGAGGAAGCAGCTCAGGAAACCCAGGTACTCTATCCCCACCGGG,Pg_OAS1,+,146,82.222,10,51,54,143,1,255,90,1,11
2352,Rousettus_leschenaultii,low_coverage,GCA_015472975.1_10-2020,GCA_015472975.1_rouLes_1.0_genomic.fna,ORF,BNJM01000073.1,3661747,3662001,255,CAGTGTAAGGAGAAGCTTGGGAAGCCTCTGCCTCAGCAGTATGCTCTGGAGCTCCTGACAGTCTATGCTTGGGAACGTGGATGCAAAGAAACATATTTCAAAACAGCTCAGGGGTTTCAGACTGTCTTGAAACTGGTCCAGAACTACAAGAAGCTTTGCATCTACTGGGAAAAGTATTATGACTTTGACAACCCTGTCATTGCTCAGTACCTGAGGAAGCAGCTCAGGAAACCCAGGTACTCTATCCCCACCGGG,Pg_OAS1,+,146,82.222,1,50,54,143,1,255,90,1,11
40,Hipposideros_galeritus,low_coverage,HipGal_v1,GCA_004027415.1_HipGal_v1_BIUU_genomic.fna,ORF,PVLB01046110.1,11084,11320,237,CAGTGTAAGAAGAAATGTGGACCGCCCCTGCCACCACAGTATGCCCTGGAGCTCCTGACAGTCTATGCTTGGGAACGTGGGAGCAACAAAATGGAATTCAACACAGCTGAGGGATTTCGGACCGTCTTGGAATTAGTCCGGAACTACCAACAGCTTTGGATCTACTGGCCAAAGTATTACAACTTTGAAAATCCTGTCATTTGTGACTACCTGATGAAGCAGCTTCATAAACCCAGG,Rf_OAS1,+,142,84.81,2,49,54,132,1,237,79,0,12
45,Macrotus_californicus,low_coverage,MacCal_v1_BIUU,GCA_007922815.1_MacCal_v1_BIUU_genomic.fna,ORF,VMDR010001656.1,71329,71562,234,CCTGATCCCCAAATCTACGTCAAGCTCATCCAAGAGTGCAAAAGCCTGGGGAAGGAGGGCGAGTTCTCCACCTGCTTCACGGAGCTGCAGCGAGCCTTCCTGAAGCAGCGTCCGACCAAGCTCAAGAGCCTCATCCGCCTGGTCAAGCACTGGTACCAAACGTGCAAGGAGAAGCTGCGGAAGCCCCTGCCCCCGCAGTACGCGCTGGAGCTGCTCACAGTCTACGCTTGGGAG,Pg_OAS1,-,142,87.179,3,49,1,78,1,234,78,0,10
34,Eidolon_helvum,low_coverage,GCA_000465285.1,GCA_000465285.1_ASM46528v1_genomic.fa,ORF,KE807915.1,12054,12332,279,TCTCAGTGTAAGGAGAAGCTGGGGAAGCCCCTGCCACCGCAGTATGCCCTGGAGCTCCTGACGGTCTATGCTTGGGAAAGTGGAAACAATGACACGTGTTTCAAAACAGCTCAGGGGTTTCAGACCGTCTTGAAATTGGTCCAGAACTACAAGCAGCTTTGCATCTACTGGACAAAGTATTATGGCTTTGAAAACCCCGTTATTGCTCAATACCTGAGGAAGCAGCTCGGGAAACCCAGGTACTCTGTCCCCACCGGGCTCGGCACCCCACGTAGATGG,Pg_OAS1,+,139,84.81,6,48,54,132,4,240,79,0,12
39,Hipposideros_armiger,low_coverage,ASM189008v1,GCF_001890085.1_ASM189008v1_genomic.fa,ORF,NW_017731412.1,1572088,1572360,273,CAGTGTAAGAAGAAGCATGGATCGCCCCTGCCACCACAGTATGCCCTGGAGCTCCTGACAGTCTATGCTTGGGAACGTGGGTGCAACAAAACAGAATTCAACACAGCTGAGGGATTTCGGACTGTCTTGGAATTAGTCCGGAACTACCAACAGCTTTGGATCTACTGGACAAAGTATTACAACTTTGAAAATCCTGTCATTTGTGACTACCTGATGAAGCAGCTCCACAAACCCAGGTACTCTATTCCCCTGGGGCTTAGCCCCCCCCACCCC,Rf_OAS1,+,139,74.725,1,47,54,141,1,273,91,1,20
43,Macroglossus_sobrinus,low_coverage,MacSob_v1,GCA_004027375.1_MacSob_v1_BIUU_genomic.fna,ORF,PVKZ01005574.1,9482,9736,255,CAGTGTAAACAGAAGCTGGGGAATCCCCTCCCACCTCAGTATGCCCTGGAGCTCCTGACAGTCTATGCTTGGGAATGTGGAAACAAGGCAACGTATTTCAGCACAGCTCAAGGGTTTCAGACCGTCTTGAGATTGGTCCAGAACTACAATCAGCTTTGCATCTACTGGACAAAGTATTATAACTTTGACAACCCCATTATTGCTGAATACCTGAAGAAGCAGCTCAAGAAACCCAGGTACTCTATCCCCACTGGG,Pg_OAS1,+,139,75.556,4,48,54,143,1,255,90,1,17
31,Cynopterus_brachyotis,low_coverage,ASM979314v1,GCA_009793145.1_ASM979314v1_genomic.fna,ORF,SSHV01003804.1,89652,89897,246,CAGTGCAAGGACAAGCTGGGGAAGCCCCTGCCCGCGCAGTATGCCCTGGAGCTCCTGACGGTCTACGCTTGGGAACAGGGAAACGAGGGAACGTATTTCAACACAGCTCAGGGGTTTCAGACCGTCTTGAAATTGGTCCAGAACTACAAGAAGCTTTGCATTTACTGGACAAAGTATTATAATTTCGACAACCCTGTTATTGGTCAATACCTGAAGCAGCAGCTCAGGAAGTCCAGGTACTCTATC,Pg_OAS1,+,138,79.268,1,47,54,135,1,246,82,0,17
35,Eonycteris_spelaea,low_coverage,Espe.v1,GCA_003508835.1_Espe.v1_genomic.fna,ORF,PUFA01000042.1,5482854,5483099,246,CAGTGTAAGGAGAAGCTTGGGAAGCCCCTGCCACCACAGTATGCCCTGGAGCTCCTGACGGTCTATGCTTGGGAACGTGGATGCCAGGAAACATACTTCAAAACAGCTGAGGGGTTTCAGACTGTCTTGAAACTGGTCCAGACCTACGAGAAGCTTTGCATCTACTGGACAAAGTATTATGACTCTGGAACCCCTGTTATTGCTCAGTACCTGAAGAAGCAGCTTGGGAAACGCAGGTAGGTACTC,Pg_OAS1,-,133,79.268,1,45,54,135,1,246,82,0,17
48,Megaderma_lyra,low_coverage,ncbi_AWHB00000000.1_2015-05,AWHB01.4.fsa_nt.fa,ORF,gi|538467017|gb|AWHB01513887.1|,92,373,282,CAGTGTAAGGAGAAGCCCGGGACATCCCTGCCACCGCAGTACGCGCTGGAGCTCCTGACAGTCTATGCCTGGGAGCGTGACGGTGAGAAAGCAGAATTCAAAACAGCTCAGGGATTTCAGACCGTCTTGGAATTAGTCCAGAACTACCAGAAGCTTTGCATCTACTGGACCAAGTATTACAACTTTGAAAACCCTGTTATTGGTGACTACCTGAGGAGGCAGCTCAGCAAACCCAGGTATCTCTCCCCACAGGGCTCAGCCCCCGTCGTAGATGGACGCAGG,Pg_OAS1,-,126,74.684,1,42,54,132,1,237,79,0,20
2355,Tadarida_brasiliensis,low_coverage,GCA_004025005.1_01-2019,GCA_004025005.1_TadBra_v1_BIUU_genomic.fna,ORF,PVIG010008438.1,20918,21232,315,CAGTGCAAGGGGAAGCTTGGGCAGCCCCTGCCACCTCAGTATGCTCTGGAGCTCCTGACGGTCTATGCTTGGGAGCGTGGAGGCCAGAGAACAGACTTCATCACAGCTCAGGGGTTTCAGAGCGTCTTGGAGTTAGTCCTGAACTACCACAAGCTTTGCATCTACTGGACAAAGTATTACAACACTGGGAATCCTGTTATCGCTCAGTACCTGCAGAGGCAGCTCCAGAAACCCAGGTACTCCATCCCCACAGGGCTTAGCTCCCCCTGCATAGATGGCCCCCAGATTCAGCTGTGGGGCCTTGGAAATGGGGAC,Pg_OAS1,+,126,71.111,1,42,54,143,1,255,90,1,21
46,Macrotus_californicus,low_coverage,MacCal_v1_BIUU,GCA_007922815.1_MacCal_v1_BIUU_genomic.fna,ORF,VMDR010000122.1,371179,371472,294,CAGTGTAAGCAGGAGTTTGGACAGCCCCTGCCACCTCAGTATGCGCTGGAGCTCCTGACAGTCTATGCTTGGGAGCGTGGGAGCAAGGAAGCAGACCTCAACACGGCTCAGGGGTTTCGGACCGTCTTGGAATTAGTGGTGAACTACCAGATGCTTTGCATCTACTGGACAAAGTATTACGACATTAACCATTCTGTTATTGGTCCGTACCTGAGGAGGCAACTCCAGAAACCCAGGTACTCTATCACCACTGGGCCTAGCCCCCCCCACAGAGATGGACACCTTGGCGGGGGG,Pg_OAS1,-,125,63.265,2,42,54,148,1,294,98,2,33
47,Megaderma_lyra,low_coverage,MegLyr_v1_BIUU,GCA_004026885.1_MegLyr_v1_BIUU_genomic.fna,ORF,PVJL010007185.1,12566,12802,237,CAGTGTAAGGAGAAGCCCGGGACATCCCTGCCACCGCAGTACGCGCTGGAGCTCCTGACAGTCTATGCCTGGGAGCGTGACGGTGAGAAAGCAGAATTCAAAACAGCTCAGGGATTTCAGACCGTCTTGGAATTAGTCCAGAACTACCAGAAGCTTTGCATCTACTGGACCAAGTATTACAACTTTGAAAACCCTGTTATTGGTGACTACCTGAGGAGGCAGCTCAGCAAACCCAGG,Pg_OAS1,+,125,74.684,1,42,54,132,1,237,79,0,20
28,Anoura_caudifer,low_coverage,AnoCau_v1_BIUU,GCA_004027475.1_AnoCau_v1_BIUU_genomic.fna,ORF,PVKU01000486.1,332613,332948,336,CAGTGTAAGCAGGAGCTTGGACGTCCCCTGCCGCCTCAGTACGCACTGGAGCTGCTCACCGTCTACGCCTGGGAGCGTGGGAGCAGGGAAGTGGACTTCGTCACAGCTGAGGGGTTTCAGACCGTCTTGGAATTAGTCGTGAACCACCGGAAGCTTTGCATCTACTGGACGAAGTATTATGACATTTACCATTCTGTTATTGGTCCATACCTGAGGAGGCAACTCCAGAAACCCAGGTACTCTATCCCTACAGGGCCTAGACCCCCACAGAGATGGACCCCCCACCCCACCCCCGCTCGGATATGGCTGTGGTGCCTTGGAAATGAGGAAGGGGGA,Pg_OAS1,-,124,55.738,2,41,54,175,1,336,122,3,44
56,Mormoops_blainvillei,low_coverage,MorMeg_v1,GCA_004026545.1_MorMeg_v1_BIUU_genomic.fna,ORF,PVJD01009809.1,50463,50834,372,TCACACAAAGCCGGCCACACATGCTTTTCTGGTTGTTTTTCCTCCTGCCAGCGTAAGAAGGAGCTCGGGTCGCCCCTGCCACCTCAGTATGCTCTGGAGCTCCTGACAGTCTATGCTTGGGAACGTGGAAGCCGGGAAGACGACTTCATCACAGCTCAGGGGTTTCAGACCGTCTTGGAATTAGTCGTGAACTACCGGAAGCTTTGCATCTACTGGACAAAGTATTACGACATTACCCATCCTGTAATTGGTCCATACCTGCGGAGGCAACTGCAGAAACCCAGGTACTCTGTCCTCGCAGGGCCTACCCCCCAAAATACATGGCCCGCCCCACCGTACAGCTGTGGTGCCTTGGAAATGAGGAAGTGGGAG,Pg_OAS1,-,124,56.198,2,41,22,142,25,309,121,2,27
79,Nycticeius_humeralis,low_coverage,NycHum_v1_BIUU,GCA_007922795.1_NycHum_v1_BIUU_genomic.fna,ORF,VMDQ010040979.1,8523,8927,405,TACCTGCATGAACGAGGCCACTTTGCGCCAAGAAAACGTAATTTACAAAAGCAGGCGGGAGGCCGGATCCGGCTCAGAGCCGCACAAGCCCGTTTCTCTGGCCGTTTTCCCTCCTCTCAGTGTAAGGAGAAGCTCGGAAGTTCCCTGCCCCCTCAGTACGCCCTGGAGCTCCTCACGGTCTACGCTTGGGAGCGAGCCGGCGAGAGAACGGACTTCGTCACAGCGCAGGGGTTTCAGACGGTCTTGGAATTGGTCATGAACCACCGGCAGCTTTGCATCTACTGGACTCAGTATTACGACATGTCGCATCCGGTGATTGGTCCATACCTGCGGACGCAGCTCCAGAAACCCAGGTACTCAGTCCCCAAGGGCTTAGCGCCCCCTCCTCCATGCACGGACCTGGGG,Pg_OAS1,+,124,63.542,5,41,54,146,118,405,96,1,32
51,Miniopterus_natalensis,low_coverage,Mnat.v1,291302_ref_Mnat.v1_chrUn.fa,ORF,gi|1016328451|ref|NW_015504334.1|,1557967,1558278,312,CAGTGTAAGGAGAAGCTTGGGCAGCCCCTGCCTCCTCAGTACGCCCTGGAGCTCCTGACCGTCCACGCGTGGGAGCGCGCAGGAAGGAAGACGGACTTCGTCACAGCTCAGGGGTTCCACACCGTCTTGACATTGGTCACCAACTACCAGAAGCTTTGCATCTACTGGACAAAGTATTACGACCTTGCACATCCTGTGATTGGTCCGTACGTGAAGAGGCAGCTCCAGAAACCCAGGTACTCTGTCCCCCCAGGGCTCCCCCTCCCCCCGATAGATGGCCCCTGTGGTGCCTTGGAAATGAGGGAGTGGGAG,Pg_OAS1,+,122,70.886,1,40,54,132,1,237,79,0,23
75,Noctilio_leporinus,low_coverage,NocLep_v1_BIUU,GCA_004026585.1_NocLep_v1_BIUU_genomic.fna,ORF,PVIW01000131.1,341648,341971,324,CAGTGCAAGGAGGAGCTTGGGCAGCCCCTGCCACCTCAATACGCCCTGGAGCTGCTGACAGTCTATGCTTGGGAGCACGGAAGCGGGGAAGCCAACTTCAGCACGGCTCAGGGGTTTCGGACCGTCTTGAAACTAATCATGAACTATCATGACCTTTGCATCTATTGGACAAAGTATTACAACATGGACCACCCTTATATTGGTCAATACTTGAGGGAGCAACTCCAAAAACCCAGGTAACTATCCCCACAGGGCTTAGCACCCGCCACCTAGATGGACCCCCAGATACAGCTGCGATGCCTTGGAAATGGGGAAGTGGGAGGC,Pg_OAS1,+,122,66.292,7,41,54,139,1,267,89,1,27
54,Miniopterus_schreibersii,low_coverage,MinSch_v1,GCA_004026525.1_MinSch_v1_BIUU_genomic.fna,ORF,PVJG01012670.1,36497,36733,237,CAGTGTAAGGAGAAGCTTGGGCAGCCCCTGCCTCCTCAGTATGCCCTGGAGCTCCTGACCGTCCACGCGTGGGAGCGCGCAGGAAGGAAGACGGACTTCGTCACAGCTCAGGGGTTCCGCACCGTCTTGACATTGGTCACCAACTACCAGAAGCTTTGCATCTACTGGACAAAGTATTACGACATTGCACATCCTGTGATTGGTCCGTACGTGAAGACGCAGCTCCAGAAACCCAGG,Pg_OAS1,-,121,70.886,7,41,54,132,1,237,79,0,23
66,Myotis_brandtii,low_coverage,ncbi_100_2013,mbr_ref_ASM41265v1_chrUn.fa,ORF,gi|549512650|ref|NW_005353602.1|,591690,591974,285,CAGTGTAAGGAGAAGCTTGGACAGTCCCTGCCGCCTCAGTACGCGCTGGAGCTCCTGACCGTCTACGCTTGGGAGCGTGCAGGCCGGGAAACGGACTTCATCACAGCGCAGGGATTTCGGACGGTCTTGGAGCTAGTCATGAACTACCAGCAGCTTTGCATCCACTGGACACAGTATTACGACAGTTCACATCCTGTGATTGGTCCATACCTGCGGAGGCAGCTCCAGAAACCCAGGTACTCTGTCCCCACAGGGCCCCTCCCCGCACCCATGGACCCGGGCTCA,Pg_OAS1,-,120,64.13,2,40,54,145,1,261,92,1,28
32,Desmodus_rotundus,low_coverage,GCA_002940915,GCA_002940915.1_ASM294091v1_genomic.fna,ORF,KZ672449.1,6200903,6201139,237,CAGTGTAAGCAGAAGCTTGGGCAGCCCCTGCCGTTCCAGTACGCACTGGAGCTCCTGACAGTCTACGCTTGGGAGCGTGGGAGCAAGGAAGCAGACTTCGTCACGGCTCAGGGGTTTCGGACCGTCCTGGAATTAGTCGTGGACTACCGGAAGCTTTGCATCTACTGGACAAAGTATTACGACATTAACCATTCTGTTATTGGTCCATACCTGAGGAGGCAACTCCAGAAACCCAGG,Pg_OAS1,+,119,70.886,6,40,54,132,1,237,79,0,23
38,Eptesicus_fuscus,low_coverage,broad_1.0_april_2013,Eptesicus_f.unplaced.scaf.fa_8.fa,ORF,gi|411115935|gb|JH977628.1|,17453863,17454117,255,CAGTGTAAGGAGAATTTTGCAAGTTCCCTGCCTCCTCAGTACGCCCTGGAGCTCCTGACGGTCTACGCTTGGGAGCGTGCAGGCCGCCAAACGGACTTCATCACAGCGCAGGGGTTTCAGACGGTCTTGGAATTAGTCGTGAACCACCGGCAGCTGTGCATCTACTGGACACAGTATTACGACATTTCACATCCCGTGATTGGTCCATACCTGCGGAGGCAGCTCCAGAAACCCAGGTACTCGGTCCCCACAGGG,Pg_OAS1,+,119,68.354,4,40,54,132,1,237,79,0,25
68,Myotis_davidii,low_coverage,bgi_1.1_april_2013,Myotis_dav_unplaced.scaf.fa_18.fa,ORF,gi|432094826|gb|KB111160.1|,5278727,5279008,282,CAGTGTAAGGAGAAGCTTGGACAGTCCCTGCCGCCTCAGTACGCCCTGGAGCTCCTGACGGTCTACGCTTGGGAGCGTGCAGGCCGGCAAACCGACTTCAGCACAGCGCAGGGATTTCGGACCGTCTTGGAGCTAGTCATGAACTACCGGCAGCTTTGCATCCACTGGACACAGTATTACGACAGTTCACATCCTGAGATTGGTCCATACCTGCGGAGGCAGCTCCAGAAACCCAGGTACCCTGTCCCCACAGGGCCCCTCCCCGCACCCATGGACCCGGCC,Pg_OAS1,+,119,60.638,1,39,54,139,1,282,94,1,29
2353,Sturnira_hondurensis,low_coverage,GCA_014824575.1_09-2020,GCA_014824575.1_WHU_Shon_v2_genomic.fna,ORF,VSFL01007872.1,6038583,6038849,267,CAGTGTAAGCAGGAGCTTGGACACCCCCTGCCGCCTCAGTACGCACTGGAGCTGCTCACAGTCTACGCTTGGGAGCGTGGGAGCAGGGACGTAGACTTCATCACCAGTCAGGGGTTTCGGACCGTCTTGGAATTAGTCCTGAACTACCGGGGTCTTTGCATCTACTGGACAAAGTATTATGACATTAGCCATTCTGTTATTGGTCCATACCTGAGGAGGCAACTCCAGAAACCCAGGTACTCTATCCCCACAGGACCTAGCCCCTCA,Pg_OAS1,+,119,64.444,5,40,54,143,1,255,90,1,27
49,Micronycteris_hirsuta,low_coverage,MicHir_v1,GCA_004026765.1_MicHir_v1_BIUU_genomic.fna,ORF,PVJI01003067.1,1010,1270,261,CAGTGTAAGCAGGAGCTTGGGCAGCCCCTGCCACCTCAATACGCACTGGAGCTCCTGACAGTCTATGCTTGGGAGCATGGGAGCGGGCAAACAGACTTCATCATGGCTCAGGGGTTTCGGTCTGTCTTGGAATTAGTCGTGAACTACCAGAAGCTTTGCATCTACTGGACAAAGTATTATGACATTAGCCATTCTGTTATTGGTCCATACCTGAGGAGGCAACTCCAGAAACCCAGGTACTCTATCCCCACAGGGCCTAGC,Pg_OAS1,+,118,64.045,1,39,54,142,1,261,89,1,30
96,Tonatia_saurophila,low_coverage,TonSau_v1_BIUU,GCA_004024845.1_TonSau_v1_BIUU_genomic.fna,ORF,PVIA01016666.1,7110,7370,261,CAGTGTAAGCAGGAGCTCAGACAACCCCTGCCGCCTCAGTACGCCCTGGAGCTGCTCACAGTCTACGCTTGGGAGCAGGGGAGCAAGGAGGCAGACTTCATCATGGCCGAGGGGTTTCAGACCGTCTTGTCATTAGTCGTGAACTACCGGAAGCTTTGCATCTACTGGACAAAGTATTATGACCTTAGCTATTCTGTTATTGGCACATACCTGAGAAAGCAACTCCAGAAACCCAGGTACTCTATCCCCACAGGGCCTAGC,Pg_OAS1,-,118,66.667,1,39,54,143,1,255,90,1,25
2343,Artibeus_jamaicensis,low_coverage,GCA_014825515.1_09-2020,GCA_014825515.1_WHU_Ajam_v2_genomic.fna,ORF,VSFN01051392.1,252265,252642,378,CAGTGTAAGCAGGAGCTTGGACATCCCCTGCCGCCTCAGTACGCACTGGAGCTGCTCACAGTCTACGCTTGGGAGCGTGGGAGCAGGGAAGCAGACTTCATCATGGCTGAGGGGTTTCGGACCGTCTTGGAATTAGTCCTGAACTACCGGCGTCTTTGTATCTACTGGACAAAGTATTACGACACGAACCATTCTGTTATTGGTCCATACCTGAGGAGGCAACTCCAGAAACCCAGGTACTCTATTCCCACAGGACCTAGCCCCCCACAGAGATGGACCCCCCCCTACCCAGCCCCGGCCCAGATACGGCTGTGGTGCCTTGGAAATGAGGAAGGGGGAGGATCCATCCGTACTGGTCACCTCCTCTCTGACGCCGAG,Pg_OAS1,-,118,64.444,8,39,54,143,1,255,90,1,27
58,Murina_aurata_feae,low_coverage,MurFea_v1,GCA_004026665.1_MurFea_v1_BIUU_genomic.fna,ORF,PVJC01005969.1,6950,7411,462,GAGAAAACGTTATTTGCAAAAGCAGGCGGTCGGCTGGATTCGGCCACAGAGCTGGGCAAGCCCGTTTTTCAGGCTGTTTTCCCCCCTCAGTGTAAGGAGAAGCTTCCACGGTCCCTGCCGCCTCAGTACGCCCTGGAGCTCCTGACGGTCTACGCTTGGGAGCGTGCAGGCCAGAAAGAGGACTTCAGCACAGCGCAGGGATTTCAGACGGTCTTGGAATTAGTCACGAACTACCAGCAGCTTTGCATCTACTGGACGCGGTATTACGACATCAACCACCCTGAGATCGGTCCGTACCTGCGGAGGCAGCTCTCCAAACCCAGGTACTCTGCCCCACAGAGCTTAGCGCCCCCTCCCCGCATGCAAGGACCCGGGGCTCAGCTCTGGTACCTGGGAAATGAGGAAGGGGAGGCTCCCCGTCTGTTGGTCATCTGCTGCTGCCAATCCCAGTGCTGGGCCCCT,Pg_OAS1,-,117,48.062,2,38,30,153,1,387,129,1,62
2347,Myotis_myotis,low_coverage,GCA_014108235.1_08-2020,GCA_014108235.1_mMyoMyo1.p_genomic.fna,ORF,JABWUV010000020.1,16858236,16858520,285,CAGTGTAAGGAGAAGCTTGGACAGTCCCTGCCGCCTCAGTACGCCCTGGAGCTCCTGACCGTCTACGCTTGGGAGCGTGCAGGCCGGCAAACCGACTTCATCACAGCGCAGGGATTTCAGACGGTCTTGGAATTAGTCATGAACTACCGGCAGCTTCGCATCCACTGGACACAGTATTACGACAGTTCACATCCTGTGATTGGCCCATACCTGCGGAGGCAGCTCCAGAAACCCAGGTACTCTGTCCCCACAGGGCCCCTCCCCGCACCCATGGACCCAGGCTCA,Pg_OAS1,+,117,63.043,7,39,54,145,1,261,92,1,29
81,Phyllostomus_discolor,low_coverage,mPhyDis1_v1,GCA_004115245.1_mPhyDis1_v1.h_genomic.fna,ORF,RXPB01002934.1,396893,397153,261,AAGCGGGAGCTCAGACAGCCCCTGCCGCCTCAGTACGCCCTGGAGCTGCTCACAGTCTACGCTTGGGAGCAGGGGAGCAAGGAAGCAGACTTCGTCACGGCCGAGGGGTTTCAGACCGTCTTGCAGTTAGTTGTGAACTACCGGAAACTTTGCGTCTACTGGACAAAGTATTACGACAGGAACCACCCTGTTATTGGCCCATACCTGAGCAGGCAACTCCAGAAACCCAGGTACTCTGTCCCCACAGGGCCTAGCCCCCCA,Pg_OAS1,-,115,71.429,1,38,56,132,1,231,77,0,22
2341,Aeorestes_cinereus,low_coverage,GCA_011751065.1_03-2020,GCA_011751065.1_L.cinereus_Cryan_1219_p1.0_genomic.fna,ORF,JAAGEH010000417.1,12086133,12086429,297,CAGTGTAGGGAGAAGTTTGCAAGCTCCCTGCCCCCTAAGTACGCCCTGGAGCTCCTGACGGTCTACGCTTGGGAGCGCGCAGGCCGGCGAACGGACTTCATCACCGCGCAGGGCTTTCAGACGGTCTTGGAATTAGTCATGAACCACCGGCAGCTCTGCATCTACTGGACACAGTACTACGACATGTCTCACAGTGTGATTGGTCCATACCTGTGGAGGCAGCTCCGGAAATCCAGGTCCTCAGGCCCCACAGGGGTTAGCGCCCCCTCCCCGCCTGCAGGGACCCGGGGCGCAGGT,Pg_OAS1,-,115,55.556,2,38,54,148,1,297,99,1,40
72,Myotis_lucifugus,complete,ensembl_79_Myoluc2.0,Myotis_lucifugus.Myoluc2.0.dna.nonchromosomal.fa,ORF,GL430023_dna:scaffold_scaffold:Myoluc2.0:GL430023:1:1798339:1_REF,1760216,1760500,285,CAGTGTAAGGAGAAGCCTGGACAGTCCCTGCCGCCTCAGTACGCCCTGGAGCTCCTGACGGTCTACGCTTGGGAGCGTGCAGGCCGGGAAACGGACTTCATCACAGCGCAGGGATTTCGGACGGTCTTGGAGCTAGTCATGAACTACCGGCAGCTTTGCATCCACTGGACACAGTATTACGACTGTTCACATCCTGAGATTGGTCCATACGTGCGGAGGCAGCTCCAGAAACCCAGGTACTCTGTCCCCACAGGGCCCCTCCCCACACCCATGGACCCCGGCTCA,Pg_OAS1,+,114,57.895,1,37,54,140,1,285,95,1,32
73,Myotis_lucifugus,low_coverage,goldenpath_myoLuc2,myoLuc2.fa,ORF,GL430023,1760216,1760500,285,CAGTGTAAGGAGAAGCCTGGACAGTCCCTGCCGCCTCAGTACGCCCTGGAGCTCCTGACGGTCTACGCTTGGGAGCGTGCAGGCCGGGAAACGGACTTCATCACAGCGCAGGGATTTCGGACGGTCTTGGAGCTAGTCATGAACTACCGGCAGCTTTGCATCCACTGGACACAGTATTACGACTGTTCACATCCTGAGATTGGTCCATACGTGCGGAGGCAGCTCCAGAAACCCAGGTACTCTGTCCCCACAGGGCCCCTCCCCACACCCATGGACCCCGGCTCA,Pg_OAS1,+,114,57.895,1,37,54,140,1,285,95,1,32
89,Rhinolophus_ferrumequinum,low_coverage,ncbi_AWHA00000000.1_2015-05,AWHA01.3.fsa_nt.fa,ORF,gi|539419988|gb|AWHA01190819.1|,8993,9151,159,AGGCCTGTGATTCTGGACCCAGCTGACCCTACAGGAAATGTTGGTGGTGGAGACCGCCGTCGCTGGCAGCGGCTGGCACAGGAGGCTGAAGCCTGGCTGAGTTACCCATGCTGTAAGAATCAGGATGGGTCTCCAGTGGACTCCTGGGACATACAGGTG,Rf_OAS1,+,114,100,1,38,132,184,1,159,53,0,0
91,Rhinolophus_ferrumequinum,low_coverage,ncbi_AWHA00000000.1_2015-05,AWHA01.3.fsa_nt.fa,ORF,gi|539419988|gb|AWHA01190819.1|,5458,5619,162,CCTAACCCCCAAATCTACGTCAATCTCATCCAAGTGTGCGAACATCTGAAGAAAGAGGGGGAGTTCTCCGCCTGCTTCACGGAGCTGCAGCGAGCCTTCCTGAGGCAGCGTCCAGCCAAGCTCAAGAGCCTCATTCGCCTAGTCAAGCACTGGTACCAAAAG,Rf_OAS1,+,113,100,3,38,1,54,1,162,54,0,0
77,Nycticeius_humeralis,low_coverage,NycHum_v1_BIUU,GCA_007922795.1_NycHum_v1_BIUU_genomic.fna,ORF,VMDQ010005982.1,85,348,264,CTGACGATCTCCCTCTTCCTTCAGTGTGAAAGGAGACTGAAGAAAAAGGGGTCGCTGCCCCCCAAGTACGCCTTGGAGCTGCTCACCATCTATGCCTGGGAGCAGGGCAGTGGGGCCACGAATTTTGACACAGCCCAAGGTTTCCGGACAGTCCTGGAGCTGGTCACACGGTATCAGCAGCTCTGTATCTTCTGGACGGTCAACTACAACTTCGAGAATGCGACTGTGAGGAACTTCCTGCTGAGCCAGCTCCAGAAGCCCAGG,Mn_OAS1,+,105,65,1,34,55,132,25,264,80,1,26
84,Pipistrellus_pipistrellus,low_coverage,PipPip_v1,GCA_004026625.1_PipPip_v1_BIUU_genomic.fna,ORF,PVIQ01125550.1,871,1107,237,CAGTGTAAGGAGAAGGTTGCAGGTCGCCTGCCGCCTAAGTACGCCCTGGAGCTCCTGACCATCTACGCTTGGGAGCGTGCAGGCCGGCCCAAGGACTTCATCACAGCGCAGGGCTTTCGGACGGTCTTGGAATTAGTCATGAGACACCAGCGGCTGCGCATCTACTGGACACAGTATTATGAGCTTTCACACCCCGTGATTGGCCCATACCTGCAGACGCAGCTCCAGAAACCCAGG,Mn_OAS1,+,105,62.821,7,35,55,132,4,237,78,0,29
92,Rhinolophus_sinicus,low_coverage,ASM188883v1,GCF_001888835.1_ASM188883v1_genomic.fna,ORF,NW_017739019.1,2769123,2769281,159,AGGCCTGTGATTCTGGACCCAGCTGACCCTACAGGAAATGTCGGTGGTGGAGACCGCCGTCGCTGGCAGCGGCTGGCACAGGAGGCTGAAACCTGGCTGAGTTACCCATGCTTTAAGAATCATGATGGGTGTCCAGTGGACTCCTGGGACATACAGGTG,Rf_OAS1,-,105,92.453,5,35,132,184,1,159,53,0,4
2356,Tadarida_brasiliensis,low_coverage,GCA_004025005.1_01-2019,GCA_004025005.1_TadBra_v1_BIUU_genomic.fna,ORF,PVIG010008438.1,19928,20110,183,CCTGACCCCCAAATCTACGTCAAGCTCATCCAAGAGTGCGAGAGCCTGGGGAAAGAGGGCGAGTTCTCCTCCTGCTTCACGGAGCTGCAGCGGGCCTTCCTGAAGCAGCGCCCCGCCAAGCTCAAGAGCCTCATCCGCCTGGTCAAGCACTGGTACCAGAAGGTAGGAGTGCTGTGCAGACAG,Pg_OAS1,+,105,92.593,4,35,1,54,1,162,54,0,4
67,Myotis_brandtii,low_coverage,ncbi_100_2013,mbr_ref_ASM41265v1_chrUn.fa,ORF,gi|549512650|ref|NW_005353602.1|,544768,545016,249,TTCCCTCAGTGTGAAAGGAGACTGAAGAAAAAGGGGTCGCTGCCCCCCAAGTACGCCTTGGAGCTGCTCACCATCTACGCCTGGGAGCAGGGCAGCGGGGCCACAAGTTTTGACACCGCCCAAGGTTTCCGCACGGTCCTGGAGCTGGTCACCCGCTATCAGCAGCTCTGTGTCTTCTGGACGGTCAACTACAACTTCGAGAATGAGACTGTGAGGAACTTCCTGCTGAAGCAGCTCCAGAGACCCAGG,Mn_OAS1,-,104,63.75,4,34,55,132,10,249,80,1,27
94,Rhinolophus_sinicus,low_coverage,ASM188883v1,GCF_001888835.1_ASM188883v1_genomic.fna,ORF,NW_017739019.1,2772682,2772840,159,CCTGACCCCCAAATCTACGTCGATCTCATCCAAGCGTGCGAACATCTGAAGAAAGAGGGGGAGTTCTCCACCTGCTTCACGGAGCTGCAGCGAGCCTTCCTGAGGCAGCGTCCAACCAAACTCAAGAGCCTCATCCGCCTAGTCAAGCACTGGTACCAA,Rf_OAS1,-,104,90.566,1,34,1,53,1,159,53,0,5
69,Myotis_davidii,low_coverage,bgi_1.1_april_2013,Myotis_dav_unplaced.scaf.fa_18.fa,ORF,gi|432094826|gb|KB111160.1|,5326866,5327129,264,CTGACGCTCTCCCTCTTCCCTCAGTGTGAAAGGAGACTGAAGAAAAAGGGGTCGCTGCCCCCCAAGTACGCCTTGGAGCTGCTCACCATCTACGCCTGGGAGCAGGGCAGCGGGGACACAAGTTTTGACACCGCCCAAGGCTTCCGGACGGTCCTGGAGCTGGTCACCCGCTATCAGCAGCTCTGTGTCTTCTGGACGGTCAACTACAACTTCGAGAATGAGACTGTGAGGAACTTCCTCCTGAAGCAGCTCCAGAGACCCAGG,Mn_OAS1,+,102,62.5,4,33,55,132,25,264,80,1,28
2346,Myotis_myotis,low_coverage,GCA_014108235.1_08-2020,GCA_014108235.1_mMyoMyo1.p_genomic.fna,ORF,JABWUV010000020.1,16906948,16907196,249,TTCCCTCAGTGTGAAAGGAGACTGAAGAAAAAGGGGTCGCTGCCCCCCAAGTACGCCTTGGAGCTGCTCACCATCTACGCCTGGGAGCAGGGCAGTGGGGCCACAAGTTTTGACACCACCCAAGGCTTCCGGACGGTCCTGGAGCTGGTCACCCGCTATCAGCAGCTCTGTGTCTTCTGGACGGTCAACTACAACTTTGAGAATGAGACTGTGAGGAACTTCCTGCTGAAGCAGCTCCAGAGACCCAGG,Mn_OAS1,+,102,62.5,2,33,55,132,10,249,80,1,28
